n_pd,subsample_idx,seed,ccc,mae,r,wall_s
30,2,42,0.5151704657956677,6.430901262391048,0.5489858763160714,16.3
30,4,1337,0.16237204235991717,7.823070484049769,0.16393006275857994,16.4
30,0,42,0.4298437619397065,9.999657284682133,0.4425604335789753,16.7
30,3,7,0.32954165591190376,10.633855779733857,0.33003351770982325,16.8
30,1,1337,0.49337644576138523,8.881853697899258,0.5028984903475723,17.0
30,0,7,0.7329058348103533,7.036903046790531,0.740720414357037,17.1
30,2,7,0.34227084434853217,8.170696198491012,0.35608010197131384,17.1
30,5,42,0.26718557412519633,9.610687056810956,0.27317891225969093,17.2
30,3,42,0.2795347757646016,10.141861472070103,0.2834588366982859,17.2
30,1,7,0.7471223991455797,6.830282584170978,0.7590577593663164,17.2
30,1,42,0.5811477429004916,7.892804654266592,0.5876616562654641,17.4
30,0,1337,0.5204458451091415,8.54839805813226,0.5284331113279002,17.5
30,4,7,0.45337021342889716,9.32308383589729,0.45761930339108803,17.6
30,3,1337,0.4033551544880608,8.790736321909858,0.4185235408232443,17.6
30,2,1337,-0.0898745756738268,8.981467886347737,-0.09260698517966447,17.6
30,4,42,0.27921959373906613,6.821585436756572,0.32319912068882706,17.6
30,5,7,0.330013778804017,8.924886649651835,0.33919528813528305,15.9
30,5,1337,0.4024285456916542,9.158013380456932,0.4033211977468395,16.3
30,6,42,0.17498735228729165,10.667131430064417,0.17935901994539377,16.3
30,7,7,0.352385630944693,9.320751024136941,0.36492484777235656,15.9
30,6,1337,0.4498451913209772,7.714778282663004,0.47178359067065223,16.6
30,9,1337,0.40431323187110096,7.431521560015121,0.4061822578928957,16.1
30,6,7,0.5063796883003889,8.623522685184476,0.5163034682154964,16.8
30,7,42,0.2590460436972753,10.642320818815756,0.27973711590502165,16.8
30,8,42,0.26967477922443256,8.71477868537159,0.2802011718052657,16.8
30,8,7,0.6741573810250749,7.5000731643376115,0.6765669483917569,16.7
30,8,1337,0.3828162204811086,7.620168715625277,0.40443294618375786,16.9
30,10,42,0.5461703615712277,8.973998457449419,0.55918214317086,16.8
30,9,42,0.06489549128216242,9.790028102088241,0.06888028819528931,16.9
30,7,1337,0.1965935942896302,8.995549139539092,0.2008182655343549,17.4
30,9,7,0.5860415721451786,7.600806464658849,0.5878599999992381,17.0
30,10,1337,0.15583968100022194,11.52907861746798,0.1564873393430958,17.2
30,10,7,0.2591544893065206,7.85964310668638,0.2680567464533336,16.3
30,11,42,0.6885580069142542,7.175653747898013,0.697754769645462,16.3
30,11,1337,0.25582943032218036,10.32587840075023,0.2679950779742436,16.3
30,11,7,0.6051590556426771,8.15564899584648,0.6122143571023229,16.4
30,12,42,0.6930356893868691,8.500263416501902,0.7046649153246691,17.0
30,12,7,0.2720060332754135,9.404490149849936,0.29233609067039923,16.7
30,12,1337,0.3911083681046977,10.747523786024704,0.40122302838745005,16.9
30,13,1337,0.13792557904341704,10.486204822498856,0.14324041614178903,16.7
30,15,1337,0.4838273959875537,8.57250811232222,0.4923295098137224,16.2
30,13,7,0.03344930624575178,9.421298170654763,0.03624196668720354,16.7
30,14,42,0.6490431903781901,7.66434285915627,0.6525834572037167,16.7
30,14,1337,0.13951323863180803,8.037544901590918,0.15705613558189407,16.5
30,14,7,0.5300591229918938,7.686266921099041,0.5640344116489829,16.5
30,13,42,0.21241841268769251,10.86455133377636,0.21655509694679206,17.1
30,15,7,-0.13904593985784602,7.533278222590492,-0.1474642071071517,16.6
30,15,42,0.10377761436037627,9.120304674104295,0.10844922965652355,17.2
30,16,42,0.40303112812106495,7.650155173940326,0.41316908478289294,16.0
30,16,1337,0.3931551066640384,11.194556060921295,0.40023051262233034,16.6
30,16,7,0.4997135807881955,8.1767116959661,0.5042516186275122,16.5
30,17,42,0.3136329759997108,9.727791545029449,0.32444807555901484,16.6
30,18,1337,0.6305811856357747,7.490751267783551,0.6415742528403393,16.1
30,17,1337,0.45402957006549705,10.433491403214656,0.4614801920519442,16.5
30,18,42,0.497591490618537,8.652820926381166,0.5113776261586236,16.9
30,17,7,0.379153626053425,8.380343324015078,0.38915539647793557,17.0
30,19,42,0.037451279485844265,11.136947192758738,0.03977200914460504,17.1
30,20,1337,0.28780922401991393,10.164475568142905,0.287892662420433,16.9
30,18,7,0.3020431612462485,9.574150844207342,0.30989680009771886,17.3
30,20,42,0.5777458807076351,7.285961301988403,0.5979174304010783,17.2
30,19,7,0.34884868297241434,7.434688516459679,0.36977825928682695,17.2
30,19,1337,0.4378806892106764,8.546278861905732,0.4623224562269728,17.5
30,20,7,0.4744122510154786,8.178080058968069,0.47694121881062923,17.3
30,21,42,0.4460765709581349,9.842923514185436,0.4537612011976131,17.3
30,21,1337,0.27567132248949006,9.730429427631107,0.27898050179795303,16.7
30,21,7,0.0060376833506132896,10.383990488509134,0.006264596343117443,16.5
30,22,42,0.4485617356946925,8.615363622823214,0.47982108899312553,16.6
30,22,1337,0.40816339377668526,8.131293292976729,0.4132769710030415,16.8
30,22,7,0.48901658685903554,7.498698246469052,0.5060150220217183,16.3
30,23,7,0.21837470006562712,9.901704723158483,0.2219035537895855,16.0
30,23,42,0.4362901437269192,8.110658525871793,0.4615303366494064,17.0
30,24,7,-0.05951602619906833,10.384979016907625,-0.06538101044708064,16.1
30,23,1337,0.41496271409472557,10.260383962333524,0.42776747992154857,16.9
30,25,42,0.2389606781422885,8.579790911273676,0.2478189978070877,16.6
30,25,1337,0.19917992588757177,9.1655840731615,0.2061793072924151,16.5
30,24,42,0.3762268253014504,7.752463731149378,0.39219783786286827,17.0
30,25,7,0.2268806657108961,12.060662968780454,0.22714355425670596,16.6
30,24,1337,0.2536676299507295,10.084782122217176,0.26584198167076084,17.2
30,26,42,0.37144344225694437,8.448058581669773,0.4061333606989481,16.7
30,26,1337,0.37971535272413554,6.422995331801342,0.413015245386374,17.4
30,26,7,0.4217537652696746,8.814336428884216,0.4317281849580409,16.3
30,27,42,0.3001209825484017,9.364855741122971,0.30699361014349,15.7
30,27,1337,0.3442111870571662,8.094764760252515,0.386770459433934,16.7
30,27,7,0.681553174860226,6.732117086925835,0.6944970700380309,16.4
30,28,42,-0.16490655983998054,8.393799960089773,-0.18926100496486514,16.8
30,28,7,-0.08890425351247531,10.959328706554066,-0.09597715852404931,16.4
30,28,1337,0.17415932677855178,7.969489187670157,0.20385590082516672,16.9
30,29,42,0.2761775299680729,8.416926488493509,0.2922720056991105,16.9
30,29,1337,0.6187492015668427,6.394004319365704,0.6426166373692479,16.7
30,30,1337,0.21224473630257673,9.902010196556933,0.2280273055438962,16.4
30,30,7,0.3550046762349526,9.490412424942296,0.3733490770588463,16.4
30,29,7,0.36387612176960327,7.2114095944324985,0.3992659361396137,17.0
30,31,42,0.39267098448397275,8.82883527710816,0.4024079211235806,16.7
30,30,42,0.423723322086442,8.847798967244206,0.4462074123117836,17.2
30,31,1337,0.04429207605235872,8.854217725816072,0.04442181487074162,16.8
30,31,7,0.1686131443293104,9.689499460532925,0.17217756882620497,17.3
30,32,1337,0.37337266401150315,8.950012179445421,0.3829950891127055,16.0
30,32,42,0.2839797229801027,10.639001242018145,0.2894933457250246,17.0
30,32,7,0.5349119809732923,6.224373162416233,0.5574884148867618,16.4
30,33,42,0.0771433965193536,7.844073622792638,0.07812653300619692,16.4
30,33,1337,0.6658305149498998,6.552084851615291,0.6821781043400821,16.9
30,34,7,0.10942690672899409,9.126930765843548,0.11891446878755639,16.1
30,33,7,0.46399710038555875,8.544131306584726,0.46867512383285215,16.9
30,34,1337,0.7907038110424658,5.948012642074121,0.8039439909115561,16.3
30,35,1337,0.4927198237724787,7.179031826536915,0.4976960688048202,16.2
30,35,42,0.27573902955397533,12.331828380762177,0.2779885031324719,16.3
30,34,42,0.47413557714409005,7.575834635058883,0.47624598296630993,17.1
30,35,7,0.31949394603486625,8.869914958430472,0.3301310628721294,17.1
30,36,42,0.262548902441912,9.00136054867674,0.26313361685740244,17.0
30,36,1337,0.5439223852859041,6.584178680973143,0.5484640719421554,17.4
30,36,7,0.2918430619405695,11.12103706854678,0.29569010882001706,17.3
30,37,42,0.48640220844333504,9.10425869848508,0.5212972677064499,16.6
30,37,1337,0.40023239707786407,11.149803173231486,0.4077567720754217,16.4
30,37,7,0.41308152904164624,7.896447713562001,0.4358017131640919,16.6
30,38,1337,-0.10625902234044644,10.20828209999599,-0.11146188029086146,16.2
30,38,42,0.2520412081493551,9.94112827198177,0.2772575059708817,16.6
30,38,7,0.27203358663238053,9.2668784786322,0.28959700671400485,16.7
30,39,7,0.36756497322956744,10.433108671012652,0.3689288651261826,16.4
30,40,7,0.42353651599938896,8.446756826371072,0.46102056565728616,16.3
30,39,1337,0.29073588048678145,9.354147693345658,0.293264670660455,16.9
30,39,42,0.227077114242088,7.764456448633206,0.2587811808370453,17.0
30,40,42,0.7397154751542542,6.362014756622781,0.7658328065705555,16.9
30,40,1337,0.5817946628026339,8.135456525373964,0.5834387682468998,17.0
30,41,1337,0.6271615505470635,5.844268595830766,0.6444126961322613,16.7
30,41,7,0.5696963067578453,6.595661222481954,0.5786349478757425,16.7
30,41,42,0.18315798406111267,7.693640119269037,0.2000256276252885,17.2
30,42,42,0.11681121289258728,10.362748080787267,0.12113729385189964,17.3
30,42,1337,0.5323039621478942,8.040314370852558,0.5374353996334682,16.8
30,42,7,-0.09958633538136816,9.94682549321202,-0.11234075239522065,16.5
30,43,42,0.479324160221985,6.793428640773017,0.5687234492600751,16.2
30,43,7,0.44802043033781347,7.495347920157978,0.4588712013683897,15.9
30,43,1337,0.32377199280032914,8.412735821992412,0.3361843905469896,16.4
30,44,7,0.2832120714654655,9.063309819726994,0.29637336967329353,16.1
30,44,42,0.49032601711704527,6.365974660027585,0.5191118025859423,16.6
30,44,1337,0.347884520415364,10.359042458639859,0.3652025403791987,16.4
30,45,42,0.35689810683357837,8.297980301644225,0.3753270734353856,16.4
30,45,7,0.6014263890452601,6.82154771616346,0.6080709945825179,16.4
30,45,1337,0.5324967497895541,7.729748166067968,0.5540673439287241,16.8
30,46,42,0.1294349267057902,10.592102681292811,0.13394703392232016,16.7
30,46,1337,0.2984972687664118,6.8551295916992165,0.30354265969674,16.9
30,46,7,0.3938088665631161,9.553598813553027,0.39725771852958075,16.9
30,47,42,0.47998442659505103,8.306882682397166,0.5143135734912829,16.8
30,47,1337,0.05127890785549946,7.9546250984413325,0.05910884150724862,17.1
30,47,7,0.6181077188895276,6.351114823854496,0.6370475910766399,17.7
30,48,42,0.4708679460665489,8.36327895491403,0.5012126931174754,15.9
30,48,1337,0.3002993244480525,8.161364165442803,0.3106015296075633,16.1
30,48,7,0.39760064388387056,8.945250027650756,0.39996377047238496,16.0
30,49,42,0.43693091063725986,8.795139534068044,0.4429228273210249,17.0
30,49,7,0.25760690969188876,7.9800449647531915,0.27780065197813086,16.2
30,49,1337,0.3159602564898003,8.968532897950464,0.3296779847979729,16.5
50,0,42,0.19896817936725728,10.145546045016495,0.20574473357943218,58.6
50,0,1337,0.41316291876317596,8.757918575484416,0.4311333020409615,58.9
50,1,1337,0.622016202260519,7.352505577955301,0.6320538653295836,60.0
50,1,7,0.5484365826987617,8.190348753170769,0.5582724719623806,59.5
50,2,7,0.2769078971618838,7.393363546969474,0.3074912879627468,58.6
50,1,42,0.552067863946588,7.246905940320724,0.5646351311143784,61.9
50,0,7,0.6101010154575986,7.987941873625739,0.617645926650789,64.1
50,2,1337,0.3855678770222563,7.394980198033434,0.3951124823640317,62.6
50,3,42,0.17426786071961795,9.64504563238846,0.19137130194306998,61.3
50,2,42,0.5918725933453748,7.076653840009985,0.5992429834526807,63.6
50,3,1337,0.5490164521413334,7.128100434354987,0.561851509725553,58.9
50,4,42,0.6050251825608787,6.589237259692602,0.6184679312716042,58.9
50,3,7,0.40652956739326107,8.740140325766165,0.4210073071685941,59.6
50,4,1337,0.48527703599688,7.127253903740583,0.4943616551243607,60.2
50,5,42,0.37768821815565706,7.643172415131995,0.3881001147657052,60.2
50,4,7,0.6684137178338497,6.124457249956964,0.67587740672055,62.2
50,5,1337,0.4502354146756849,9.22176421284369,0.4617201551701465,57.9
50,5,7,0.5114225399848511,7.181146136378772,0.5353476884552133,60.2
50,6,42,0.5471430884971259,7.886304142301756,0.556475798585937,59.2
50,6,7,0.4023988611468879,8.663290933842342,0.4179688521128507,58.5
50,7,42,0.31729679716747633,8.663452437440897,0.35979360683515105,59.6
50,6,1337,0.4043323104620989,8.623080723093889,0.4128820670456285,61.2
50,7,7,0.38165717043635244,8.919347188683796,0.39792224395876424,59.2
50,8,1337,0.5589226495397887,6.693779129826644,0.5687747433191108,59.9
50,7,1337,0.42006042809539734,6.5590379013366125,0.4604632226772737,61.6
50,8,42,0.39097663306226543,10.233904729354876,0.3921339604903955,60.4
50,8,7,0.3853516047893732,9.338839966098755,0.4037624339459221,57.0
50,9,42,0.5075657824675421,8.308089759469675,0.5233849066209171,60.3
50,9,1337,0.3555722581127046,9.304047934279163,0.3635427856560034,61.2
50,10,42,0.4537333566332109,8.955871589787108,0.46484233707272044,58.5
50,9,7,0.2746191606259853,8.633181678105553,0.27972231863961083,62.6
50,10,1337,0.3899543809971182,9.3793556557297,0.394916361620734,63.3
50,10,7,0.4159611395237076,8.068838000841867,0.43208010624181353,60.0
50,11,42,0.659117041270052,6.554317210176846,0.6810501174684934,59.1
50,11,7,0.5715670369845666,7.805143270160019,0.5766840252920598,61.4
50,12,1337,0.41309222504083404,9.530082790791035,0.42958125739348063,59.3
50,12,7,0.5426507815965963,8.514876084928494,0.5546845887334172,58.6
50,12,42,0.629275726316006,6.669391251341409,0.6456509947304016,61.6
50,11,1337,0.48214515847033307,8.74277144930375,0.48935821609525365,63.9
50,13,7,0.6415063583641243,6.928367073789588,0.6810842881966475,59.5
50,13,42,0.4140272692881366,8.59974102310091,0.41764606265597215,61.5
50,14,42,0.6015662496046751,8.530673469578268,0.6064523267902028,59.5
50,13,1337,0.31691296134845903,8.335800925840966,0.33411019678194753,63.2
50,14,1337,0.03340934428305882,10.488400759626026,0.03583552107742409,57.9
50,15,42,0.45432516690465596,8.6780203209291,0.46555029459374053,58.3
50,14,7,0.1722410885342241,9.729510747343175,0.17743394423872758,60.8
50,15,1337,0.4899591641277197,8.056353418204806,0.5003678266881525,60.2
50,15,7,0.41158810885004044,8.613949723605257,0.4232071547547051,60.9
50,16,42,0.5638807940260352,7.652444622375846,0.5687021841259872,58.9
50,16,1337,0.3812257417175545,9.179306934189455,0.3877357146377963,60.1
50,16,7,0.3828944473143588,9.414907361170162,0.3927402798381484,57.8
50,17,1337,0.49596680300340557,8.843766307543719,0.5182090812258878,60.2
50,17,42,0.35798424081208613,7.6865823516720875,0.38889217413200816,61.0
50,17,7,0.30917957749718783,9.366439937252862,0.3228962915398511,60.9
50,19,42,0.06568072113752092,11.078424476250769,0.06815200301438626,57.2
50,18,1337,0.4191119904352478,8.193938605892571,0.45717782853623823,59.4
50,18,7,0.38736616791722317,8.67006306011788,0.4149404773470036,58.7
50,18,42,0.5466303764684648,8.545282946644125,0.5542844452345168,62.4
50,19,1337,0.49335751519848425,7.864303019406086,0.5166152817804776,59.6
50,19,7,0.4797079531926452,7.0557071127372195,0.49382600504108104,59.2
50,20,42,0.58444040831979,7.207203214186651,0.5966138173293096,61.9
50,20,1337,0.3123855519802237,10.041659870204166,0.319525563956752,63.0
50,20,7,0.4714922649930092,9.021456921681883,0.4790356718895539,61.9
50,21,42,0.30077724756495117,9.339059187938298,0.3093971832057088,59.4
50,21,1337,0.4761443583298396,8.23074877500229,0.49279562141838235,61.8
50,21,7,0.2081628042500223,8.059141659766949,0.2204407302309468,58.8
50,22,42,0.5034538380022691,7.751536732766914,0.5390836414855555,59.8
50,23,42,0.5243038839827938,7.806527594578793,0.5430831020729137,58.2
50,22,7,0.61233229534095,7.586342076740858,0.6175271391049854,61.0
50,24,42,0.41635275680615874,7.47853109614698,0.46567434208518416,59.2
50,22,1337,0.5647200674498325,8.22521215350887,0.5735639214723107,62.3
50,24,1337,0.4049232432506293,8.555362398122947,0.42461390304732566,59.1
50,23,1337,0.5181847578174699,8.26140360659589,0.5338140692668623,60.9
50,23,7,0.3400000257762027,9.075434984427092,0.344508868099178,62.0
50,25,42,0.5379295160326009,7.429727012375702,0.5524544410218812,59.3
50,24,7,0.3634561032955604,7.186672570550989,0.42093398732263493,61.5
50,25,1337,0.4408704038251101,8.162361099507974,0.45065606845573564,56.8
50,25,7,0.41959298881094137,9.308167510870728,0.4227333812786013,60.4
50,26,42,0.30328903866453494,8.315578364487017,0.3203031094814094,61.7
50,26,1337,0.4601958844216331,7.07695812235018,0.4769453881326441,60.6
50,27,42,0.4581881294727712,7.0745069024670055,0.48168287417002476,57.1
50,26,7,0.43289442421956875,8.607996993897292,0.44746617241781667,59.1
50,27,1337,0.28728694005160504,9.082484980099814,0.30564025424940355,59.6
50,28,42,0.2562812211381506,7.440325554341814,0.28769569526971106,58.0
50,27,7,0.483726157225538,7.956868855563096,0.4935139233165742,60.3
50,28,7,0.13556430585826185,10.105296777314845,0.1427434282411027,59.3
50,29,1337,0.6045035317005176,6.551185128044658,0.6343153297232853,59.1
50,29,42,0.518060552350627,7.915133973134881,0.5226897377383782,60.4
50,28,1337,0.28379357212806205,9.0373890453575,0.29017041541971816,60.9
50,30,42,0.465875872239211,7.8197107384638445,0.47489083364875523,58.1
50,29,7,0.659506630431408,5.6417367128506415,0.6824035196765047,61.9
50,30,7,0.5805269671364637,7.639597800496456,0.5932906127605799,61.0
50,30,1337,0.24747856643127877,9.508225030466773,0.260978290456783,63.0
50,31,42,0.5081288939029786,7.468601702607953,0.5301489208130328,57.0
50,31,1337,-0.15087142863875222,8.925808528031803,-0.16420741133690053,57.9
50,31,7,0.4242393476990162,7.948105614036043,0.4309754621503839,61.3
50,32,42,0.200275433593463,9.445759695558051,0.21234303842065905,59.5
50,32,1337,0.3813415492531142,8.958309403279834,0.39643701908943374,58.3
50,32,7,0.3314532721415025,9.213011185344952,0.33822731128493566,59.9
50,33,42,0.4881707189985291,6.068600757173948,0.5130880024508663,59.1
50,34,42,0.46261587400453946,6.92890518684692,0.4871568963485296,56.5
50,33,1337,0.5151880219191951,7.661338210984176,0.5283133615528565,59.2
50,33,7,0.1434037749922832,8.834305238049318,0.15052615638267158,60.7
50,35,42,0.540698848454362,7.650193782985311,0.5692069233896746,58.2
50,34,7,0.32023623068525275,9.072682352498434,0.3357134715827989,60.6
50,34,1337,0.5415885182491221,7.624193082287921,0.5491498003404126,61.1
50,35,1337,0.40424639545676033,7.30024094204499,0.43456407200193414,59.9
50,35,7,0.34717527914249696,8.690269293639894,0.36306803198782894,60.8
50,36,42,0.6563233189556333,7.059245362447655,0.6658881812517676,63.5
50,36,1337,0.5131512425341036,7.33297417077015,0.522728184426829,61.8
50,36,7,0.43526512902612025,8.028883469140501,0.4575233345224752,62.1
50,37,42,0.33936086047310143,8.723923868975685,0.35250720128938307,60.2
50,37,1337,0.47098214491268586,8.986053089512946,0.4805027576069053,57.3
50,37,7,0.49697320461667166,7.756319241870598,0.50948592874877,60.4
50,38,42,0.44484063291163983,8.147877831363536,0.4580041030058957,59.4
50,38,7,0.2375559259988656,8.680133206276627,0.26922385132248605,57.7
50,38,1337,0.2801652738495621,8.077616567069366,0.3005679923053917,61.1
50,39,42,0.4808727364734134,7.06883340816196,0.511933315002656,60.1
50,40,42,0.6323596367293454,6.998852260981852,0.6421942492878439,58.3
50,39,7,0.30963916662468094,8.070213967202381,0.331152232270748,59.5
50,40,1337,0.5849037598807595,7.644373384781881,0.5904530361762939,60.5
50,40,7,0.41914610171028516,8.238013739881758,0.44086449351982876,59.5
50,39,1337,0.5395399205656938,8.307351390926149,0.5422702352191787,64.4
50,41,42,0.3750609069675779,8.243488054480462,0.39488139704052333,59.5
50,41,1337,0.5965153532966336,7.057827946040996,0.6048461237875628,58.9
50,41,7,0.30852936400068426,8.32245742263239,0.3143869688467239,59.8
50,42,42,0.3326218019645358,9.166169045799744,0.33775552019661714,60.9
50,42,1337,0.39620540894789785,8.878444235282444,0.3983065725602852,62.5
50,42,7,0.33731012626958196,8.92159657485806,0.3579805987900695,59.4
50,43,42,0.6743000797813745,6.140923771610323,0.7059488414970866,60.2
50,43,1337,0.49412538398409306,7.461699224411193,0.5234872498001453,57.9
50,43,7,0.15643886968566006,9.4880630033712,0.16386552225103387,60.6
50,44,1337,0.43643932969529264,8.47746721206233,0.4432271483893715,59.3
50,44,42,0.541251257009938,6.932439549428443,0.5587306142994605,62.2
50,44,7,0.4470450741446247,6.949011338797404,0.49398686174159945,59.4
50,45,42,0.49293704599629995,6.947671036592631,0.5083917733605597,60.6
50,45,1337,0.41201248886955544,8.31360521359257,0.42446738251313376,59.9
50,46,42,0.19098437963972695,8.580829738592508,0.20370992800802729,59.6
50,45,7,0.3960511356322162,8.800302456741088,0.4059598964498123,61.5
50,46,1337,0.2966177281764958,7.8781026449351,0.31835600908861583,61.4
50,47,42,0.4136923420490018,8.509397301241258,0.4416796996825902,59.4
50,46,7,0.3293239993760191,7.762090992719221,0.3525212083956098,60.8
50,47,1337,0.19810601898189703,8.892821071922205,0.21480774656142984,61.6
50,47,7,0.5103360338691383,7.9435791445623725,0.5230361113624736,61.2
50,48,42,0.28518350394897196,9.087604771458912,0.30127982088575894,59.6
50,48,1337,0.287982803602192,8.297461248821888,0.31653059419340535,60.4
50,48,7,0.46805667370172105,7.785863323943115,0.48992465984606465,61.9
50,49,42,0.4323586402228595,8.057791948210136,0.4417525695567583,60.8
50,49,1337,0.5772402325963114,6.265683073820393,0.6015875351559672,60.5
50,49,7,0.44577528255755383,8.06781167595268,0.4705043621132645,63.1
70,0,42,0.4275052474679706,8.940138665771473,0.4517004396060885,150.7
70,0,1337,0.4266886179935002,8.298908427754428,0.4432073813360637,149.9
70,0,7,0.5385738382292604,7.788159693157589,0.5525775040864462,155.9
70,1,42,0.5761597785414985,6.991442249304662,0.5949797486612044,159.7
70,1,1337,0.5388325526381993,7.7150207529384245,0.559313022140406,160.4
70,2,1337,0.49214901590678645,8.086583396282153,0.4996145656283439,156.0
70,2,7,0.3725006437812871,7.468503924469142,0.3908233756286356,149.2
70,2,42,0.5020813755090474,7.624472003273334,0.5168170206838857,163.5
70,1,7,0.48583103888286017,7.671097511759613,0.5003680346724992,165.5
70,3,42,0.4225369658443515,7.7258411563664335,0.4539628809293082,161.6
70,3,1337,0.5015953673453643,8.197255292008231,0.5194632898587516,148.7
70,4,1337,0.4954512302122715,6.98726921051477,0.5379251605684452,148.2
70,4,42,0.5889526715077229,7.2376788782995405,0.6016951656144286,152.2
70,3,7,0.4701515768597281,8.318565885200208,0.483956011737218,155.5
70,5,42,0.4699654862320812,7.396614761161553,0.48554140777789684,151.6
70,4,7,0.6465756336853257,6.235351596310301,0.6676950759639108,158.7
70,5,7,0.5876392502689244,7.2732725366821285,0.5978588641884626,148.7
70,5,1337,0.5037613967608747,8.389809559851482,0.5220473334064942,153.9
70,6,42,0.5105610657063668,8.383378361233772,0.5221554271367798,152.8
70,7,42,0.47902785312846485,8.180256565346555,0.4998291078556242,148.6
70,7,1337,0.5482004372992931,6.848007066564484,0.5726578749702177,151.2
70,6,7,0.5836427848918029,7.387052053145528,0.5985833107105105,159.1
70,6,1337,0.4579236396092848,8.13562131212275,0.47254095020586945,164.0
70,8,42,0.45867689226886627,8.623629658765973,0.46427686133155044,154.6
70,7,7,0.34326554450647234,9.62630327819186,0.3577941202709607,160.8
70,8,1337,0.5786627602768182,7.183102603323716,0.593819896716214,156.8
70,8,7,0.4884373740399157,8.293004331402328,0.5000259091243506,149.6
70,9,1337,0.49674788031369954,8.443896122423716,0.5188285171261644,150.5
70,9,7,0.36682269094326087,7.831525284062597,0.3955193410116092,152.3
70,9,42,0.4920658143223558,7.6570357208049815,0.5149592044327946,160.8
70,10,1337,0.4996019075820483,7.772808220540406,0.5316826243524185,151.2
70,10,42,0.6164956694606528,7.773348524851019,0.6220061306724081,163.8
70,10,7,0.4041459456851271,8.305755135858554,0.42293667976620813,155.4
70,11,1337,0.3004737771255509,9.278238732795943,0.3189132270863368,152.4
70,11,42,0.5863263213409649,7.277107980624185,0.6059749657104502,164.3
70,12,1337,0.402359551894107,8.811328130201927,0.428916236455473,147.1
70,11,7,0.3449952822765409,8.873166818703368,0.36207570784029974,156.6
70,12,42,0.5291607579710018,7.675399142903102,0.5664014268248675,156.1
70,12,7,0.45456405990110793,8.556398568099647,0.4681072516347447,154.9
70,13,42,0.5416634003135771,7.778796109027396,0.5544035742323128,154.5
70,13,1337,0.5126294815592755,7.351063330672314,0.5380086210530777,157.1
70,14,42,0.5816091199471554,8.007241146477211,0.596034281169091,152.9
70,13,7,0.4619908055495519,8.881277446296856,0.4752249325966379,161.3
70,14,1337,0.4166527206976059,8.383757703432895,0.44758250827459,154.9
70,14,7,0.46687055115725373,7.892350699024038,0.4890350943351034,154.9
70,15,1337,0.5503920486574517,7.846852340147797,0.5615061099565027,151.9
70,15,42,0.5041027655134623,7.6746828798367135,0.5324610171025219,165.9
70,15,7,0.3358169396993486,9.747153937929632,0.349285949415065,158.8
70,16,42,0.4423381246141953,7.794384194035229,0.46820370284482404,152.8
70,16,1337,0.4241809723930958,8.247193966238678,0.4468812699582134,148.5
70,16,7,0.51336654943117,7.365232066405577,0.533659657664286,152.6
70,17,1337,0.4262224941919628,8.801894091991308,0.4507437812243788,149.4
70,17,42,0.47708821470494606,7.526664594017479,0.5097865329129069,153.7
70,18,1337,0.38499204152291006,8.66800696923689,0.4042140430158217,152.9
70,18,42,0.48845956715493316,8.66877849541176,0.49913329219542296,156.7
70,17,7,0.35732258019187385,9.882578767732422,0.36490067389936015,164.8
70,18,7,0.43074365420750665,7.780601127545896,0.45022546258876306,154.9
70,19,42,0.3571564557537373,8.43963489546655,0.3804294119396215,156.2
70,19,1337,0.4696815894736783,7.878253429411365,0.5047950449373794,153.7
70,19,7,0.453173028449866,7.989981573796664,0.480535512807934,147.3
70,20,1337,0.4472866178354807,7.924166681075862,0.4721996077807029,144.6
70,20,42,0.5241266226232042,8.0354569898283,0.5476445598875984,150.6
70,21,42,0.5504520080721564,7.855413214364368,0.5615413236286473,158.6
70,20,7,0.483131797578884,8.541455507778863,0.4934038316031102,166.5
70,21,1337,0.4893945101299003,7.66312015934443,0.5156128662531655,145.9
70,21,7,0.4023701847568355,8.156465474898722,0.42600500318221884,157.8
70,22,7,0.37302743076887596,8.494445186987654,0.4007168118192121,149.0
70,22,42,0.45270556065595313,7.9873352518035645,0.49187226305349174,167.0
70,23,1337,0.46507190175127877,7.847733601866165,0.4899778823458799,150.7
70,22,1337,0.6571475909399604,7.155263537816347,0.6772494498118011,168.8
70,23,7,0.30025661972099044,8.933193457380517,0.3090678877482296,152.8
70,23,42,0.4984124807789931,7.1959502016488255,0.5368024382942977,156.7
70,24,42,0.5249317744193703,7.612111995920759,0.5451603319003931,155.2
70,24,1337,0.3406001791198032,8.560409815540343,0.3680511038639619,152.2
70,25,7,0.5084721172178921,8.517653631766589,0.5155355082406895,148.3
70,24,7,0.380956022520329,7.549245540739098,0.4147802167824036,157.0
70,25,42,0.5124745680998536,7.512163870433738,0.5268315822366425,155.2
70,25,1337,0.5335594159492202,8.373714317551304,0.5465157916460449,154.8
70,26,42,0.3246325229300522,8.92872890312779,0.3360791187113478,160.5
70,26,1337,0.3039836807505323,7.9106249755078695,0.3304118513784697,160.1
70,26,7,0.4865788756359985,7.743131898412985,0.5033554825910371,152.9
70,27,42,0.4097143740591356,7.703589833387098,0.43634085910751297,145.1
70,27,1337,0.3387901687099283,8.170713565844155,0.3746510183015797,149.4
70,28,42,0.452956117969128,8.156806805636347,0.4651910904706364,148.7
70,28,7,0.2421447888594867,9.262863881645227,0.2561895173722715,147.5
70,29,42,0.344339076686257,7.989790994741988,0.3632619978311809,155.1
70,28,1337,0.371218279457403,8.364962059934529,0.3840268261446092,162.5
70,27,7,0.46427688305086323,8.092852371350784,0.47484016897294146,169.4
70,30,7,0.5248232594174973,7.305435941036662,0.5448855921044509,146.4
70,29,7,0.42652176936785574,7.516186820020588,0.4529366597071171,157.4
70,29,1337,0.47778830855803645,8.267260824558031,0.5034325945706833,163.0
70,31,42,0.4277718176492564,7.126364276519463,0.4536000109221045,152.4
70,30,42,0.5276346963567281,7.994919728647098,0.5449915084056869,162.4
70,30,1337,0.3189355847486626,9.426457605791384,0.33110054175025244,164.5
70,31,1337,0.26034143776369717,8.422003093216905,0.2746065371679344,160.7
70,31,7,0.3933463157502708,8.57430915130807,0.41182782385112066,164.1
70,32,42,0.30330685688356523,8.154459267827983,0.3244233484284148,149.1
70,32,1337,0.5526519991064891,7.905456846204852,0.5776087407559225,154.6
70,32,7,0.5368143656614461,8.440310337892019,0.5520821809266346,151.0
70,33,1337,0.39555363383403347,9.058758598024147,0.4087193480419853,150.4
70,33,42,0.6597502658911688,6.010462053900594,0.6803800975899464,153.6
70,33,7,0.3140739933406563,8.039109813275463,0.32886046912847655,147.8
70,35,42,0.42665059510002035,8.584912104684367,0.4466736194793331,145.7
70,34,7,0.323315995562027,8.18945407828186,0.3473346673592012,155.5
70,34,42,0.5836347701350098,7.207176605436901,0.6054886674700687,162.6
70,34,1337,0.5344000644637052,7.701556407029161,0.5416669984111013,165.0
70,35,1337,0.442935003446827,7.38007404785555,0.45869947632350966,157.7
70,36,42,0.47314195161028555,7.758513234504225,0.5004374729883898,153.6
70,35,7,0.5090509060220458,9.03263381316455,0.5149457859291208,164.7
70,36,1337,0.40531487850738623,7.997480487470034,0.4244154286358158,167.5
70,37,42,0.4028618986679725,8.438369434950467,0.4185025904495861,153.7
70,36,7,0.36950046950695714,9.23413004532642,0.3948897781065913,158.8
70,37,1337,0.4991994801926198,7.93779068559859,0.5120397971134346,151.0
70,37,7,0.45499468075189237,8.116851839006648,0.4650071358557538,154.5
70,38,42,0.6307228769115236,6.769767316141634,0.6492841337808373,149.8
70,39,42,0.4521701042364226,8.608394992765653,0.4629355573039936,149.4
70,38,7,0.4232647207554938,7.871482580987998,0.4549299691741691,154.4
70,38,1337,0.38030882028502483,8.371613354881596,0.4203819298280591,157.7
70,39,1337,0.3861316555221987,8.617193562134078,0.39929361645643974,147.2
70,39,7,0.47695549244411356,7.280124395745394,0.5069537390941614,145.5
70,40,42,0.4383693264651898,8.081335791163268,0.4493102281029882,166.1
70,40,1337,0.5053065041130371,7.366745664695351,0.519240274140075,160.1
70,40,7,0.32331500850146905,8.541862005856785,0.34438639902388324,161.2
70,41,42,0.48644905677446143,7.38419522677807,0.5173007311730027,163.9
70,41,1337,0.5518764250519409,7.516697814701511,0.561974764004532,161.8
70,41,7,0.40548555428931893,8.888891257453006,0.41875588222022,165.2
70,42,42,0.46599223865097217,7.995829594046521,0.49121843443315966,158.1
70,42,1337,0.37059189265169895,8.478024899634823,0.3874814318107783,162.2
70,42,7,0.40181386126045276,8.31498636083105,0.4247566460363348,147.4
70,43,1337,0.5664586766071115,7.312374375223958,0.5853465303917174,151.1
70,43,42,0.36972169471490673,8.04578508003651,0.39873875896929784,156.7
70,44,42,0.5589886481093298,7.44514095021493,0.5804875282379565,153.3
70,44,7,0.3932561141929064,7.9667677958026,0.4190838082232042,148.2
70,43,7,0.5043187965961118,7.322558091737858,0.5331396731131478,157.9
70,44,1337,0.4816476284323351,7.384516480995805,0.49591212360694564,158.8
70,45,42,0.3368165215481972,8.051355033505628,0.350756395123575,153.2
70,45,7,0.4935402991007687,7.465346367232834,0.5178365392366647,150.1
70,45,1337,0.4261615734078773,8.470870155242789,0.4502152493343295,157.4
70,46,1337,0.5347011055805155,7.088932493725172,0.5518628081153737,150.9
70,46,42,0.4647645921731858,7.606984728525966,0.47909814251359933,161.0
70,46,7,0.30551985629690936,8.357826744803909,0.3191523783360632,162.8
70,47,42,0.5042267175988269,7.928519588128289,0.519985609333948,161.3
70,47,1337,0.47463682605888846,7.661110677658573,0.5047050045673555,163.2
70,47,7,0.5079809436781655,7.67264579752429,0.5248438715017966,158.6
70,48,42,0.4446993575202538,8.120096570338772,0.4671975306170201,151.6
70,48,1337,0.4113267275691253,8.532607367193462,0.4489570621933123,148.6
70,48,7,0.4211820512605918,8.475821353195508,0.4428516114964904,166.4
70,49,1337,0.33194490843789193,7.441473229885831,0.37422565487979587,147.2
70,49,42,0.5127577627004454,7.931792233166128,0.5287582511951118,158.6
70,49,7,0.4110138190043944,8.183317567111017,0.44789410850529165,165.3
89,0,1337,0.5119967784950498,7.692851646688615,0.5412619353779117,291.1
89,0,7,0.5165918857765193,7.704079481888768,0.532251209072801,290.5
89,0,42,0.46214823461951116,8.425647837556609,0.48270500153886264,332.7
89,1,1337,0.5124956064886085,7.496349073698157,0.5355490797581356,305.5
89,1,42,0.4809245987953528,7.400812307544296,0.4996568209252767,340.7
89,2,1337,0.46461362800913175,7.917985356938624,0.4862845716836556,326.9
89,1,7,0.47813988851605854,8.368958318932014,0.49208859463233834,354.3
89,2,42,0.4789944521570889,8.006544282145951,0.4987831300979276,340.8
89,3,1337,0.5238733305870812,7.818296060567594,0.5432969537522724,299.0
89,2,7,0.40520511803619474,8.40755533283938,0.42277220809432203,319.6
89,3,7,0.5010626013430957,7.895048363637994,0.5187945854217056,307.5
89,3,42,0.5466530111140825,7.510079034242691,0.5663089271206602,341.4
89,4,1337,0.40394324400440224,8.345185601174492,0.4230210288339987,309.2
89,4,7,0.5466008315165555,7.0697088349182176,0.571130539583178,306.3
89,5,42,0.4323193656861715,7.879675972113042,0.4584518866694832,327.6
89,4,42,0.5695350982185465,7.518771224074865,0.5808543064785627,350.8
89,5,7,0.5880139252059908,6.784213189543783,0.6173429479152188,299.2
89,5,1337,0.5223811465751782,7.895697148170658,0.5418391904771788,340.3
89,6,7,0.5132168250693706,7.840858856985159,0.5285528847190208,291.7
89,6,42,0.49559202501368405,7.988328962020709,0.5135247127398636,347.1
89,7,42,0.4905124274400191,7.848238782048981,0.5063436472230447,308.4
89,8,42,0.4901669764985605,7.988968286333683,0.5074825021347643,303.6
89,6,1337,0.45177726677702884,8.107379615512926,0.4671854976118385,362.6
89,8,1337,0.5263327144021657,7.1979148258935775,0.555974179774001,312.4
89,8,7,0.505557895580524,8.13644362265369,0.5217662880212914,302.6
89,7,7,0.45253669179529876,8.609776485219715,0.4679183093412107,352.4
89,7,1337,0.44858485470994097,7.318864883801541,0.4793349020272591,356.1
89,9,7,0.2701966993013908,8.653457684104385,0.2897711285489588,298.5
89,9,42,0.5017446125782141,7.973365857934971,0.5165416019374124,348.6
89,10,42,0.4892321101729539,7.891985058894362,0.5052851520352295,303.3
89,9,1337,0.43107011758580827,8.403125897339311,0.4534021561598799,354.5
89,10,1337,0.4295695175530169,8.330320779916896,0.449279245620485,350.6
89,10,7,0.49154237365582937,7.48259971080856,0.5083442184355327,292.5
89,11,42,0.5110600342378951,7.9569696074898,0.5396761049896058,342.7
89,11,1337,0.4059018050452993,8.453349583964277,0.4329384527193864,320.9
89,12,1337,0.4687238659781553,8.04135890374488,0.4933741183071627,297.6
89,12,42,0.4702844158033822,7.910361224217106,0.4934454563433758,302.8
89,11,7,0.391719383289748,8.465868635699424,0.40834052970596496,331.9
89,13,1337,0.4708784482569055,8.21652950815787,0.4881783952227374,303.2
89,13,42,0.4498314842787664,8.039735863248062,0.46624685142808625,313.8
89,12,7,0.48082218857783654,7.695689638610229,0.5082877565745959,348.9
89,14,1337,0.3757342514681185,8.155570441198382,0.41759428231543616,302.1
89,15,42,0.5356056230070675,7.132390503212333,0.5770441739416322,296.6
89,14,42,0.5296934338144978,7.856101861864596,0.5383972449146756,347.9
89,13,7,0.4382592135478075,8.211842866823462,0.4629726908762917,352.7
89,14,7,0.4383900216854223,7.660360693450425,0.46274806607647145,350.1
89,15,1337,0.4865926353984105,7.627716891469038,0.5063139253968854,354.3
89,15,7,0.4705825369904448,8.243802200462273,0.49421133902217,354.0
89,16,42,0.4298435103601942,8.422980956386981,0.4473678517084043,328.5
89,17,42,0.46513616106301087,8.112969247745445,0.4759629103566965,297.1
89,16,7,0.5800498679682746,7.313046872627127,0.6011627834478467,313.6
89,17,1337,0.4142539302241459,8.164736025712203,0.44055521189967245,298.8
89,17,7,0.5223440232394407,7.682260166646253,0.546825082741098,298.5
89,16,1337,0.4495960060894469,8.117412992966349,0.46635505096908036,352.8
89,18,1337,0.43687721760835757,8.096958223737174,0.4616883334728099,309.9
89,18,42,0.538854945921781,7.626152610589852,0.5517259723485837,333.2
89,19,42,0.3759153901777301,8.665206797421563,0.39332924655951806,311.9
89,19,1337,0.456881620691074,7.832089193944897,0.4776467955290561,297.8
89,18,7,0.4824384548540287,7.7054608665392506,0.5071813640292103,358.8
89,19,7,0.452356119179466,7.909222930133906,0.4710233964890399,326.8
89,20,42,0.4762274213018778,8.03127295381243,0.49346528441295756,349.9
89,20,1337,0.4513622192622148,8.17556343834574,0.4716606878771666,319.8
89,20,7,0.49868305721848943,8.098212435405468,0.5235757136099763,361.0
89,21,42,0.5269305974308597,7.364034255800867,0.5533954030835139,339.1
89,21,1337,0.49186959713046396,7.750741348405692,0.5163816894234979,339.7
89,22,42,0.34514355169208993,7.984647009383635,0.3656243149663084,297.3
89,22,7,0.4608691952726851,7.980356585742654,0.48994759054870246,299.8
89,22,1337,0.4990859594001355,8.158965265033174,0.5194930092397414,309.4
89,21,7,0.49935780528285967,7.869805467799987,0.5213614934255331,321.9
89,23,1337,0.4742428907788243,7.733825322357242,0.510720949720615,316.3
89,23,42,0.4281029325180448,8.199607370475054,0.4534676911296015,343.7
89,24,1337,0.5045303659379182,7.524275611528577,0.5277723667750734,293.6
89,24,42,0.4768648444231098,7.97820915752471,0.4970993776415504,337.3
89,23,7,0.4583467958182389,8.09763271667454,0.4677671777815132,358.2
89,25,7,0.46706342005367424,8.510617315752347,0.4766669693797967,300.8
89,24,7,0.5079551919244728,7.344687044813312,0.5352971411795081,339.8
89,25,42,0.5113409584059208,7.422853119750358,0.5537786591453813,347.4
89,25,1337,0.5062597587674483,7.88244315130817,0.5252730735443758,335.1
89,26,1337,0.44063410703421385,8.188922607103487,0.461973487565873,307.0
89,26,42,0.4979481134858242,8.242936685689678,0.5139480047509245,328.0
89,27,42,0.5106827495947216,7.506909727259972,0.5306336066304808,311.7
89,27,1337,0.4313303050879463,7.963797710714322,0.45912576475776123,303.7
89,27,7,0.5182230394638473,7.792476403639406,0.5369385517792171,306.0
89,28,42,0.5038061440059692,7.8749615012448375,0.5273104720889881,309.1
89,26,7,0.45645395930335053,8.350743538271237,0.46882048683888383,359.1
89,29,42,0.47786015878379046,7.639412959071038,0.5004880665132069,303.5
89,28,1337,0.43120409716493807,8.294355303745922,0.4491096847647662,351.7
89,28,7,0.43770537880961824,8.189817331969744,0.46107723592367206,335.4
89,30,42,0.5510778499699388,7.752255194199384,0.5610851048909348,299.2
89,29,7,0.4784800813072727,7.837968721318515,0.5037309235740496,330.6
89,29,1337,0.5188383565817084,7.827052874843668,0.5372331493950778,363.5
89,31,42,0.5255891719032054,7.357565724065746,0.5574878367684176,298.5
89,30,1337,0.40450176524231335,8.596747805138309,0.4205790569813836,339.8
89,30,7,0.4725348070583873,8.195470744463883,0.4863827190166371,325.7
89,31,1337,0.36254714821202877,8.301240913305458,0.39019232379975044,317.7
89,31,7,0.5528154747399763,7.101841986815388,0.5887667688610911,333.3
89,32,7,0.4169524553743995,8.633659119160823,0.43094840425316844,296.9
89,32,1337,0.4818485784228022,8.04915987821769,0.5025924533179845,301.4
89,33,42,0.5477910693572046,7.489713610620321,0.5642205117316055,300.2
89,32,42,0.3787593264536195,8.212626795357604,0.4050669051112194,344.7
89,33,1337,0.47999949612978104,8.100485634589747,0.49551683425617593,331.2
89,33,7,0.5206987935287151,7.5664988274643985,0.5432799105084066,355.4
89,34,42,0.5333688176615027,7.577376626196835,0.5525316264740855,336.4
89,35,42,0.49450210674536593,7.7407595224136285,0.5105886613429306,298.2
89,34,1337,0.5272015312786098,7.91314822374023,0.5426647671731131,347.3
89,34,7,0.4964764376283682,7.648029684190104,0.5244407294371148,329.5
89,35,7,0.49225300650811854,7.897846168384871,0.5148835244984308,309.0
89,35,1337,0.44269307749040965,8.045987785141108,0.46988611386412915,340.7
89,36,42,0.4853568995961212,7.447388407587683,0.5144145240001041,346.5
89,36,1337,0.4727171261832594,8.103948754849956,0.4877180030697425,357.6
89,36,7,0.3737113246224823,8.569456968441942,0.39519717409357225,313.7
89,37,1337,0.5657501005555161,7.373831855074493,0.5820000983471274,299.5
89,37,7,0.4862397877753625,8.206858734878205,0.497998350563125,304.1
89,37,42,0.5666426856966129,7.283047585825977,0.5858845209970278,339.1
89,38,42,0.5613138882029368,7.5797031940076804,0.5763431933325254,306.5
89,38,7,0.5015426102997427,7.814819488474903,0.5330153539147743,331.5
89,38,1337,0.43291867729539246,8.214256505496147,0.45534014877616114,345.5
89,39,7,0.4317250163635949,7.912975609951358,0.46196003937356117,301.5
89,39,1337,0.4610370512978513,8.180423837014702,0.48384922632033034,320.4
89,39,42,0.4870269867419209,8.133491960253652,0.5061495683621686,345.5
89,40,7,0.4479541326572531,7.747447391891948,0.4919124261183051,295.7
89,40,42,0.5308536118828976,7.848641088346438,0.5484288313351479,332.1
89,41,42,0.525414361030266,7.889402852393156,0.5365898324249815,306.6
89,40,1337,0.48003265580362986,8.080162053424417,0.5133683857061736,363.8
89,41,7,0.4507425699627365,8.259647473272706,0.4752403674600487,300.4
89,41,1337,0.5512605325862475,7.554489687710904,0.5718772252584047,348.9
89,42,1337,0.4397862487470397,8.335802629967086,0.46239447945961926,296.8
89,42,7,0.46667937952164373,7.999897395945419,0.49066481174265136,296.9
89,42,42,0.5152115507393377,7.831167657444361,0.5302872057969841,348.3
89,43,1337,0.5607674260664897,7.493518253926461,0.586287895364962,297.4
89,43,42,0.5048810143859584,7.90714011340312,0.5273950288011822,354.8
89,44,42,0.5148656832164469,7.417776032701596,0.5408862145810851,335.3
89,43,7,0.4653479263168774,8.202902491253411,0.490587711018999,350.9
89,44,1337,0.4296833970736643,7.914474078392596,0.45182312019576193,304.2
89,45,1337,0.5028577615034933,7.665171679819714,0.5250211591883214,306.8
89,45,7,0.4815995843310732,8.348304852838053,0.5035877598285438,303.6
89,44,7,0.432358226240677,7.930354197386216,0.451718247203974,348.1
89,45,42,0.4444981909889179,7.760188227297849,0.45930602656172553,345.0
89,46,42,0.5479057833617031,7.6606944360913225,0.5597947275525768,320.1
89,46,7,0.5010493445969375,7.801752050762616,0.5179373083194817,305.5
89,46,1337,0.42318142498052486,8.014469538271165,0.45072129466383687,322.3
89,47,1337,0.5318155406810039,7.674543737304396,0.5583108537661348,290.3
89,47,7,0.422563130501066,8.234170620057082,0.441826711070905,288.5
89,47,42,0.4206394236038697,7.952028618101328,0.4422672965815898,321.0
89,48,42,0.47890877558085904,8.05257899244471,0.502409974929404,311.3
89,48,1337,0.45589709527818567,8.074762755541968,0.4773023786563004,304.5
89,48,7,0.4692794269499505,8.106152943112562,0.48919023120067,299.3
89,49,42,0.528673346463349,7.604294152243759,0.5510429274327603,269.0
89,49,1337,0.4499465275374836,8.174823430694017,0.4757542889276662,275.3
89,49,7,0.4602056895220236,8.244988379562958,0.4861144048886108,268.5
